{
  "71c8b6fc63b0a10fb738a9b5bc891f3b": {
    "key": "71c8b6fc63b0a10fb738a9b5bc891f3b",
    "customerName": "Gia Toan Media",
    "createdAt": "2024-12-06T14:56:27.099Z",
    "expiryDate": "2025-12-06T14:56:27.099Z",
    "maxDevices": 3,
    "devices": [],
    "status": "active"
  },
  "fcd246387ca5a52c91144f29c9c88d4e": {
    "key": "fcd246387ca5a52c91144f29c9c88d4e",
    "customerName": "adstoan",
    "createdAt": "2024-12-06T17:32:00.557Z",
    "expiryDate": "2025-01-05T17:32:00.556Z",
    "maxDevices": 1,
    "devices": [],
    "status": "active"
  },
  "8b1e4672f2b3be98296758428d865ec9": {
    "key": "8b1e4672f2b3be98296758428d865ec9",
    "customerName": "Toanads2",
    "createdAt": "2024-12-07T11:17:26.532Z",
    "expiryDate": "2025-12-07T11:17:26.532Z",
    "maxDevices": 2,
    "devices": [],
    "status": "active"
  }
}